<?xml version="1.0" encoding="UTF-8" standalone="no"?><configurationDescriptor version="65">
  <logicalFolder displayName="root" name="root" projectFiles="true">
    <logicalFolder displayName="Header Files" name="HeaderFiles" projectFiles="true">
      <logicalFolder displayName="ECU_Layer" name="ECU_Layer" projectFiles="true">
        <logicalFolder displayName="button" name="button" projectFiles="true">
          <itemPath>ECU_Layer/button/ecu_button.h</itemPath>
          <itemPath>ECU_Layer/button/ecu_button_cfg.h</itemPath>
        </logicalFolder>
        <logicalFolder displayName="DC_Motor" name="DC_Motor" projectFiles="true">
          <itemPath>ECU_Layer/DC_Motor/ecu_dc_motor.h</itemPath>
          <itemPath>ECU_Layer/DC_Motor/ecu_dc_motor_cfg.h</itemPath>
        </logicalFolder>
        <logicalFolder displayName="LED" name="LED" projectFiles="true">
          <itemPath>ECU_Layer/LED/ecu_led.h</itemPath>
          <itemPath>ECU_Layer/LED/ecu_led_config.h</itemPath>
        </logicalFolder>
        <logicalFolder displayName="relay" name="relay" projectFiles="true">
          <itemPath>ECU_Layer/relay/ecu_relay.h</itemPath>
          <itemPath>ECU_Layer/relay/ecu_relay_cfg.h</itemPath>
        </logicalFolder>
      </logicalFolder>
      <logicalFolder displayName="MCAL_Layer" name="MCAL_Layer" projectFiles="true">
        <logicalFolder displayName="GPIO" name="GPIO" projectFiles="true">
          <itemPath>MCAL_Layer/GPIO/hal_gpio.h</itemPath>
          <itemPath>MCAL_Layer/GPIO/hal_gpio_cfg.h</itemPath>
        </logicalFolder>
        <itemPath>MCAL_Layer/mcal_std_types.h</itemPath>
        <itemPath>MCAL_Layer/std_libraries.h</itemPath>
        <itemPath>MCAL_Layer/compiler.h</itemPath>
        <itemPath>MCAL_Layer/device_config.h</itemPath>
      </logicalFolder>
      <itemPath>application.h</itemPath>
    </logicalFolder>
    <logicalFolder displayName="Linker Files" name="LinkerScript" projectFiles="true">
    </logicalFolder>
    <logicalFolder displayName="Source Files" name="SourceFiles" projectFiles="true">
      <logicalFolder displayName="ECU_Layer" name="ECU_Layer" projectFiles="true">
        <logicalFolder displayName="button" name="button" projectFiles="true">
          <itemPath>ECU_Layer/button/ecu_button.c</itemPath>
        </logicalFolder>
        <logicalFolder displayName="DC_Motor" name="DC_Motor" projectFiles="true">
          <itemPath>ECU_Layer/DC_Motor/ecu_dc_motor.c</itemPath>
        </logicalFolder>
        <logicalFolder displayName="LED" name="LED" projectFiles="true">
          <itemPath>ECU_Layer/LED/ecu_led.c</itemPath>
        </logicalFolder>
        <logicalFolder displayName="relay" name="relay" projectFiles="true">
          <itemPath>ECU_Layer/relay/ecu_relay.c</itemPath>
        </logicalFolder>
      </logicalFolder>
      <logicalFolder displayName="MCAL_Layer" name="MCAL_Layer" projectFiles="true">
        <logicalFolder displayName="GPIO" name="GPIO" projectFiles="true">
          <itemPath>MCAL_Layer/GPIO/hal_gpio.c</itemPath>
        </logicalFolder>
        <itemPath>MCAL_Layer/device_config.c</itemPath>
      </logicalFolder>
      <itemPath>application.c</itemPath>
    </logicalFolder>
    <logicalFolder displayName="Important Files" name="ExternalFiles" projectFiles="false">
      <itemPath>Makefile</itemPath>
    </logicalFolder>
  </logicalFolder>
  <sourceRootList>
    <Elem>MCAL_Layer</Elem>
    <Elem>ECU_Layer</Elem>
  </sourceRootList>
  <projectmakefile>Makefile</projectmakefile>
  <confs>
    <conf name="default" type="2">
      <toolsSet>
        <developmentServer>localhost</developmentServer>
        <targetDevice>PIC18F4620</targetDevice>
        <targetHeader/>
        <targetPluginBoard/>
        <platformTool>noID</platformTool>
        <languageToolchain>XC8</languageToolchain>
        <languageToolchainVersion>2.36</languageToolchainVersion>
        <platform>3</platform>
      </toolsSet>
      <packs>
        <pack name="PIC18Fxxxx_DFP" vendor="Microchip" version="1.3.36"/>
      </packs>
      <ScriptingSettings>
      </ScriptingSettings>
      <compileType>
        <linkerTool>
          <linkerLibItems>
          </linkerLibItems>
        </linkerTool>
        <archiverTool>
        </archiverTool>
        <loading>
          <useAlternateLoadableFile>false</useAlternateLoadableFile>
          <parseOnProdLoad>false</parseOnProdLoad>
          <alternateLoadableFile/>
        </loading>
        <subordinates>
        </subordinates>
      </compileType>
      <makeCustomizationType>
        <makeCustomizationPreStepEnabled>false</makeCustomizationPreStepEnabled>
        <makeUseCleanTarget>false</makeUseCleanTarget>
        <makeCustomizationPreStep/>
        <makeCustomizationPostStepEnabled>false</makeCustomizationPostStepEnabled>
        <makeCustomizationPostStep/>
        <makeCustomizationPutChecksumInUserID>false</makeCustomizationPutChecksumInUserID>
        <makeCustomizationEnableLongLines>false</makeCustomizationEnableLongLines>
        <makeCustomizationNormalizeHexFile>false</makeCustomizationNormalizeHexFile>
      </makeCustomizationType>
      <HI-TECH-COMP>
        <property key="additional-warnings" value="true"/>
        <property key="asmlist" value="true"/>
        <property key="call-prologues" value="false"/>
        <property key="default-bitfield-type" value="true"/>
        <property key="default-char-type" value="true"/>
        <property key="define-macros" value=""/>
        <property key="disable-optimizations" value="true"/>
        <property key="extra-include-directories" value=""/>
        <property key="favor-optimization-for" value="-speed,+space"/>
        <property key="garbage-collect-data" value="true"/>
        <property key="garbage-collect-functions" value="true"/>
        <property key="identifier-length" value="255"/>
        <property key="local-generation" value="false"/>
        <property key="operation-mode" value="free"/>
        <property key="opt-xc8-compiler-strict_ansi" value="false"/>
        <property key="optimization-assembler" value="true"/>
        <property key="optimization-assembler-files" value="true"/>
        <property key="optimization-debug" value="false"/>
        <property key="optimization-invariant-enable" value="false"/>
        <property key="optimization-invariant-value" value="16"/>
        <property key="optimization-level" value="-O0"/>
        <property key="optimization-speed" value="false"/>
        <property key="optimization-stable-enable" value="false"/>
        <property key="preprocess-assembler" value="true"/>
        <property key="short-enums" value="true"/>
        <property key="tentative-definitions" value="-fno-common"/>
        <property key="undefine-macros" value=""/>
        <property key="use-cci" value="false"/>
        <property key="use-iar" value="false"/>
        <property key="verbose" value="false"/>
        <property key="warning-level" value="-3"/>
        <property key="what-to-do" value="ignore"/>
      </HI-TECH-COMP>
      <HI-TECH-LINK>
        <property key="additional-options-checksum" value=""/>
        <property key="additional-options-code-offset" value=""/>
        <property key="additional-options-command-line" value=""/>
        <property key="additional-options-errata" value=""/>
        <property key="additional-options-extend-address" value="false"/>
        <property key="additional-options-trace-type" value=""/>
        <property key="additional-options-use-response-files" value="false"/>
        <property key="backup-reset-condition-flags" value="false"/>
        <property key="calibrate-oscillator" value="false"/>
        <property key="calibrate-oscillator-value" value="0x3400"/>
        <property key="clear-bss" value="true"/>
        <property key="code-model-external" value="wordwrite"/>
        <property key="code-model-rom" value=""/>
        <property key="create-html-files" value="false"/>
        <property key="data-model-ram" value=""/>
        <property key="data-model-size-of-double" value="32"/>
        <property key="data-model-size-of-double-gcc" value="no-short-double"/>
        <property key="data-model-size-of-float" value="32"/>
        <property key="data-model-size-of-float-gcc" value="no-short-float"/>
        <property key="display-class-usage" value="false"/>
        <property key="display-hex-usage" value="false"/>
        <property key="display-overall-usage" value="true"/>
        <property key="display-psect-usage" value="false"/>
        <property key="extra-lib-directories" value=""/>
        <property key="fill-flash-options-addr" value=""/>
        <property key="fill-flash-options-const" value=""/>
        <property key="fill-flash-options-how" value="0"/>
        <property key="fill-flash-options-inc-const" value="1"/>
        <property key="fill-flash-options-increment" value=""/>
        <property key="fill-flash-options-seq" value=""/>
        <property key="fill-flash-options-what" value="0"/>
        <property key="format-hex-file-for-download" value="false"/>
        <property key="initialize-data" value="true"/>
        <property key="input-libraries" value="libm"/>
        <property key="keep-generated-startup.as" value="false"/>
        <property key="link-in-c-library" value="true"/>
        <property key="link-in-c-library-gcc" value=""/>
        <property key="link-in-peripheral-library" value="false"/>
        <property key="managed-stack" value="false"/>
        <property key="opt-xc8-linker-file" value="false"/>
        <property key="opt-xc8-linker-link_startup" value="false"/>
        <property key="opt-xc8-linker-serial" value=""/>
        <property key="program-the-device-with-default-config-words" value="true"/>
        <property key="remove-unused-sections" value="true"/>
      </HI-TECH-LINK>
      <XC8-CO>
        <property key="coverage-enable" value=""/>
        <property key="stack-guidance" value="false"/>
      </XC8-CO>
      <XC8-config-global>
        <property key="advanced-elf" value="true"/>
        <property key="gcc-opt-driver-new" value="true"/>
        <property key="gcc-opt-std" value="-std=c99"/>
        <property key="gcc-output-file-format" value="coff"/>
        <property key="omit-pack-options" value="false"/>
        <property key="omit-pack-options-new" value="1"/>
        <property key="output-file-format" value="-mcof,+elf"/>
        <property key="stack-size-high" value="auto"/>
        <property key="stack-size-low" value="auto"/>
        <property key="stack-size-main" value="auto"/>
        <property key="stack-type" value="compiled"/>
        <property key="user-pack-device-support" value=""/>
        <property key="wpo-lto" value="false"/>
      </XC8-config-global>
    </conf>
  </confs>
</configurationDescriptor>